-- MySQL dump 10.13  Distrib 5.5.38, for Linux (x86_64)
--
-- Host: phalcondbinstance.cu0wq7lpa3jf.ap-northeast-1.rds.amazonaws.com    Database: phalcon
-- ------------------------------------------------------
-- Server version	5.6.17-log

/*!40101 SET @OLD_CHARACTER_SET_CLIENT=@@CHARACTER_SET_CLIENT */;
/*!40101 SET @OLD_CHARACTER_SET_RESULTS=@@CHARACTER_SET_RESULTS */;
/*!40101 SET @OLD_COLLATION_CONNECTION=@@COLLATION_CONNECTION */;
/*!40101 SET NAMES utf8 */;
/*!40103 SET @OLD_TIME_ZONE=@@TIME_ZONE */;
/*!40103 SET TIME_ZONE='+00:00' */;
/*!40014 SET @OLD_UNIQUE_CHECKS=@@UNIQUE_CHECKS, UNIQUE_CHECKS=0 */;
/*!40014 SET @OLD_FOREIGN_KEY_CHECKS=@@FOREIGN_KEY_CHECKS, FOREIGN_KEY_CHECKS=0 */;
/*!40101 SET @OLD_SQL_MODE=@@SQL_MODE, SQL_MODE='NO_AUTO_VALUE_ON_ZERO' */;
/*!40111 SET @OLD_SQL_NOTES=@@SQL_NOTES, SQL_NOTES=0 */;

--
-- Table structure for table `accounts`
--

DROP TABLE IF EXISTS `accounts`;
/*!40101 SET @saved_cs_client     = @@character_set_client */;
/*!40101 SET character_set_client = utf8 */;
CREATE TABLE `accounts` (
  `id` bigint(20) NOT NULL AUTO_INCREMENT,
  `name` text NOT NULL,
  `company_name` text NOT NULL,
  `tel` varchar(128) NOT NULL,
  `email` varchar(255) NOT NULL,
  `password` varchar(128) NOT NULL,
  `created_at` datetime NOT NULL,
  `updated_at` datetime DEFAULT NULL,
  `last_login_at` datetime DEFAULT NULL,
  PRIMARY KEY (`id`),
  UNIQUE KEY `mail` (`email`)
) ENGINE=InnoDB AUTO_INCREMENT=24 DEFAULT CHARSET=utf8;
/*!40101 SET character_set_client = @saved_cs_client */;

--
-- Dumping data for table `accounts`
--

LOCK TABLES `accounts` WRITE;
/*!40000 ALTER TABLE `accounts` DISABLE KEYS */;
INSERT INTO `accounts` VALUES (1,'cg developer','phalcon Ltd.','09000000000','i_bd@cgate.jp','$2a$08$J9l5CRO8gpDOfLrPq1Z6puYiCmlTOjGDc/GzmFRHJUqv4rlpAxAfW','2014-08-12 12:20:07','2014-08-26 16:06:17',NULL),(21,'2222','2222','09000000000','222@g','$2a$08$7.sNzFWO0FCu8lLQkhxS4uyNbgNf6II9PiPmWkq4fZCeEz3aaCPWC','2014-08-13 17:56:58',NULL,NULL),(22,'5555','5555','09000000000','5555@g','$2a$08$DjRc1JGJzA5rHCDuz7Ef.OJtXIIqjKozyDTTCgfoqUGQW3V5P48Xi','2014-08-13 18:22:09','2014-08-13 18:23:13',NULL),(23,'セプテーニ・クロスゲート','株式会社セプテーニ・クロスゲート','0368634525','product@cgate.jp','$2a$08$4Lj/dVFVXcDK.jbzdSAnpOzj6.ufpUiRGEDbcIUvAoGbk8wUg2Evy','2014-08-18 17:20:11',NULL,NULL);
/*!40000 ALTER TABLE `accounts` ENABLE KEYS */;
UNLOCK TABLES;

--
-- Table structure for table `ad_frames`
--

DROP TABLE IF EXISTS `ad_frames`;
/*!40101 SET @saved_cs_client     = @@character_set_client */;
/*!40101 SET character_set_client = utf8 */;
CREATE TABLE `ad_frames` (
  `id` bigint(20) NOT NULL AUTO_INCREMENT,
  `media_id` bigint(20) NOT NULL,
  `comment` text,
  `created_at` datetime NOT NULL,
  `updated_at` datetime DEFAULT NULL,
  `refresh_interval` tinyint(4) NOT NULL,
  `width` int(11) NOT NULL,
  `height` int(11) NOT NULL,
  PRIMARY KEY (`id`)
) ENGINE=InnoDB AUTO_INCREMENT=33 DEFAULT CHARSET=utf8;
/*!40101 SET character_set_client = @saved_cs_client */;

--
-- Dumping data for table `ad_frames`
--

LOCK TABLES `ad_frames` WRITE;
/*!40000 ALTER TABLE `ad_frames` DISABLE KEYS */;
INSERT INTO `ad_frames` VALUES (1,1,'','2014-08-12 12:22:22','2014-08-14 11:51:01',10,320,50),(2,1,'','2014-08-13 19:25:27','2014-08-14 11:38:53',15,57,57),(3,2,'','2014-08-14 11:27:10','2014-08-18 10:39:37',7,70,70),(5,3,'','2014-08-18 17:26:07',NULL,20,320,50),(6,4,'','2014-08-20 18:33:46',NULL,0,300,250),(7,2,'','2014-08-22 16:03:22',NULL,10,10,10),(9,3,'','2014-09-02 13:45:45','2014-09-19 10:21:26',30,57,57),(10,5,'','2014-09-17 15:58:04',NULL,30,320,50),(11,5,'','2014-09-17 15:58:19',NULL,30,300,250),(12,5,'','2014-09-17 16:03:28',NULL,30,57,57),(13,9,'','2014-09-17 16:12:40',NULL,30,320,50),(14,9,'','2014-09-17 16:12:56',NULL,30,300,250),(15,9,'','2014-09-17 16:13:09',NULL,30,57,57),(16,10,'','2014-09-17 16:18:59',NULL,30,320,50),(17,10,'','2014-09-17 16:26:32',NULL,30,300,250),(18,10,'','2014-09-17 16:26:48',NULL,30,57,57),(19,9,'1個','2014-09-22 19:23:08',NULL,30,57,57),(20,11,'','2014-10-16 10:08:59',NULL,30,320,50),(21,12,'','2014-10-20 18:58:21','2014-10-21 13:08:11',30,320,50),(22,12,'','2014-10-20 19:00:25',NULL,30,57,57),(24,13,'','2014-10-21 13:06:10',NULL,30,320,50),(25,13,'','2014-10-21 13:08:33',NULL,30,300,250),(26,14,'','2014-10-21 14:20:52',NULL,30,320,50),(27,14,'','2014-10-21 14:24:46',NULL,30,300,250),(28,15,'','2014-10-21 14:46:34',NULL,30,320,50),(29,15,'','2014-10-21 14:45:23',NULL,30,57,57),(30,11,'','2014-10-24 10:45:58',NULL,30,320,50),(31,12,'','2014-10-24 11:15:16',NULL,30,57,57),(32,15,'','2014-10-24 11:17:03',NULL,30,57,57);
/*!40000 ALTER TABLE `ad_frames` ENABLE KEYS */;
UNLOCK TABLES;

--
-- Table structure for table `ad_tags`
--

DROP TABLE IF EXISTS `ad_tags`;
/*!40101 SET @saved_cs_client     = @@character_set_client */;
/*!40101 SET character_set_client = utf8 */;
CREATE TABLE `ad_tags` (
  `id` bigint(20) NOT NULL AUTO_INCREMENT,
  `ad_frame_id` bigint(20) NOT NULL,
  `ad_tag_name` text NOT NULL,
  `distribution_rate` tinyint(4) NOT NULL,
  `comment` text,
  `created_at` datetime NOT NULL,
  `updated_at` datetime DEFAULT NULL,
  `js_tag` text NOT NULL,
  PRIMARY KEY (`id`)
) ENGINE=InnoDB AUTO_INCREMENT=67 DEFAULT CHARSET=utf8;
/*!40101 SET character_set_client = @saved_cs_client */;

--
-- Dumping data for table `ad_tags`
--

LOCK TABLES `ad_tags` WRITE;
/*!40000 ALTER TABLE `ad_tags` DISABLE KEYS */;
INSERT INTO `ad_tags` VALUES (1,1,'4444444',10,'','2014-08-12 19:58:10','2014-10-24 10:36:17','PHNjcmlwdCB0eXBlPSJ0ZXh0L2phdmFzY3JpcHQiPiB2YXIgYWRzdGlyX3ZhcnMgPSB7ICAgdmVyICAgIDogIjQuMCIsICAgYXBwX2lkIDogIk1FRElBLWZjM2Q2NjIxIiwgICBhZF9zcG90OiAxLCAgIGZsb2F0aW5nIDogdHJ1ZSwgICBjZW50ZXIgOiBmYWxzZSB9OyA8L3NjcmlwdD4gPHNjcmlwdCB0eXBlPSJ0ZXh0L2phdmFzY3JpcHQiIHNyYz0iaHR0cDovL2pzLmFkLXN0aXIuY29tL2pzL2Fkc3Rpci5qcz8yMDEzMDUyNyI+PC9zY3JpcHQ+'),(2,1,'imobile',10,'imobile','2014-08-13 19:25:56','2014-10-24 10:37:57','PCEtLSBpLW1vYmlsZSBmb3IgU21hcnRQaG9uZSBjbGllbnQgc2NyaXB0IC0tPiA8c2NyaXB0IHR5cGU9InRleHQvamF2YXNjcmlwdCI+ICAgICBpbW9iaWxlX3RhZ192ZXIgPSAiMC4yIjsgICAgICBpbW9iaWxlX3BpZCA9ICI2MzgzIjsgICAgICBpbW9iaWxlX2FzaWQgPSAiMjU1MjU1IjsgICAgICBpbW9iaWxlX3R5cGUgPSAiaW5saW5lIjsgPC9zY3JpcHQ+IDxzY3JpcHQgdHlwZT0idGV4dC9qYXZhc2NyaXB0IiBzcmM9Imh0dHBzOi8vc3BhZC5pLW1vYmlsZS5jby5qcC9zY3JpcHQvYWRzc3AuanM/MjAxMTAyMTUiPjwvc2NyaXB0Pg=='),(3,2,'imobile GameCafe',50,'','2014-08-14 15:23:32','2014-08-21 16:07:34','PCEtLSBpLW1vYmlsZSBmb3IgU21hcnRQaG9uZSBjbGllbnQgc2NyaXB0IC0tPg0KPHNjcmlwdCB0eXBlPSJ0ZXh0L2phdmFzY3JpcHQiPiAgICAgaW1vYmlsZV90YWdfdmVyID0gIjAuMjEiOyAgICAgaW1vYmlsZV9waWQgPSAiNjM4MyI7DQppbW9iaWxlX2FzaWQgPSAiMjU1MTM3IjsNCmltb2JpbGVfdHlwZSA9ICJpY29uX2lubGluZSI7DQppbW9iaWxlX3N0eWxlID0gew0KYWxpZ246ICJjZW50ZXIiLCANCn07DQppbW9iaWxlX2ljb24gPSB7DQpudW06ICIxIiwNCnNob3dfdGl0bGU6ICJ0cnVlIiwNCn07IA0KPC9zY3JpcHQ+DQo8c2NyaXB0IHR5cGU9InRleHQvamF2YXNjcmlwdCIgc3JjPSJodHRwOi8vc3BhZC5pLW1vYmlsZS5jby5qcC9zY3JpcHQvYWRzc3AuanM/MjAxMTAyMTUiPjwvc2NyaXB0Pg=='),(4,2,'adstir GameCafe',55,'','2014-08-14 15:25:33','2014-08-21 16:06:13','PHNjcmlwdCB0eXBlPSJ0ZXh0L2phdmFzY3JpcHQiPg0KdmFyIGFkc3Rpcl9pY29uX3ZhcnMgPSB7DQphcHBfaWQgOiAiTUVESUEtZjZiNzJiYzMiLA0KYWRfc3BvdDogMSwNCnNsb3Q6IDEsDQpjZW50ZXIgOiBmYWxzZSANCn07IA0KPC9zY3JpcHQ+DQo8c2NyaXB0IHR5cGU9InRleHQvamF2YXNjcmlwdCIgc3JjPSJodHRwOi8vanMuYWQtc3Rpci5jb20vanMvYWRzdGlyX2ljb25fYWQuanMiPjwvc2NyaXB0Pg=='),(6,5,'imobile',100,'','2014-08-18 17:27:18','2014-10-16 19:42:19','PCEtLSBpLW1vYmlsZSBmb3IgU21hcnRQaG9uZSBjbGllbnQgc2NyaXB0IC0tPg0KPHNjcmlwdCB0eXBlPSJ0ZXh0L2phdmFzY3JpcHQiPg0KaW1vYmlsZV90YWdfdmVyID0gIjAuMiI7DQppbW9iaWxlX3BpZCA9ICI2MzgzIjsNCmltb2JpbGVfYXNpZCA9ICIyNTUyNTUiOw0KaW1vYmlsZV90eXBlID0gImlubGluZSI7DQo8L3NjcmlwdD4NCjxzY3JpcHQgdHlwZT0idGV4dC9qYXZhc2NyaXB0IiBzcmM9Imh0dHBzOi8vc3BhZC5pLW1vYmlsZS5jby5qcC9zY3JpcHQvYWRzc3AuanM/MjAxMTAyMTUiPjwvc2NyaXB0Pg=='),(7,3,'samplejs',70,'','2014-08-20 11:30:39','2014-08-20 16:48:15','PCEtLSBpLW1vYmlsZSBmb3IgU21hcnRQaG9uZSBjbGllbnQgc2NyaXB0IC0tPiANCjxzY3JpcHQgdHlwZT0idGV4dC9qYXZhc2NyaXB0Ij4NCmltb2JpbGVfdGFnX3ZlciA9ICIwLjIiOyANCmltb2JpbGVfcGlkID0gIjYzODMiOyANCmltb2JpbGVfYXNpZCA9ICIyNTUyNTUiOyANCmltb2JpbGVfdHlwZSA9ICJpbmxpbmUiOyANCjwvc2NyaXB0PiANCjxzY3JpcHQgdHlwZT0idGV4dC9qYXZhc2NyaXB0IiBzcmM9Imh0dHBzOi8vc3BhZC5pLW1vYmlsZS5jby5qcC9zY3JpcHQvYWRzc3AuanM/MjAxMTAyMTUiPjwvc2NyaXB0Pg=='),(8,6,'nendレクタングル',100,'','2014-08-20 18:34:07','2014-08-29 16:12:52','PHNjcmlwdCB0eXBlPSJ0ZXh0L2phdmFzY3JpcHQiPg0KdmFyIG5lbmRfcGFyYW1zID0geyJtZWRpYSI6MTE2NjgsInNpdGUiOjkxMzQ0LCJzcG90IjoyMjA2ODksInR5cGUiOjEsIm9yaWVudGVkIjoxfTsNCjwvc2NyaXB0Pg0KPHNjcmlwdCB0eXBlPSJ0ZXh0L2phdmFzY3JpcHQiIHNyYz0iaHR0cDovL2pzMS5uZW5kLm5ldC9qcy9uZW5kQWRMb2FkZXIuanMiPjwvc2NyaXB0Pg=='),(9,6,'imobile',0,'','2014-08-21 09:44:29','2014-08-29 16:12:36','PCEtLSBpLW1vYmlsZSBmb3IgU21hcnRQaG9uZSBjbGllbnQgc2NyaXB0IC0tPg0KPHNjcmlwdCB0eXBlPSJ0ZXh0L2phdmFzY3JpcHQiPg0KICAgIGltb2JpbGVfdGFnX3ZlciA9ICIwLjIiOyANCiAgICBpbW9iaWxlX3BpZCA9ICI2MzgzIjsgDQogICAgaW1vYmlsZV9hc2lkID0gIjI3NTA4NyI7IA0KICAgIGltb2JpbGVfdHlwZSA9ICJpbmxpbmUiOw0KPC9zY3JpcHQ+DQo8c2NyaXB0IHR5cGU9InRleHQvamF2YXNjcmlwdCIgc3JjPSJodHRwczovL3NwYWQuaS1tb2JpbGUuY28uanAvc2NyaXB0L2Fkc3NwLmpzPzIwMTEwMjE1Ij48L3NjcmlwdD4NCg=='),(12,9,'nend',30,'','2014-09-02 13:46:25','2014-09-29 15:38:29','PHNjcmlwdCB0eXBlPSJ0ZXh0L2phdmFzY3JpcHQiPg0KdmFyIG5lbmRfcGFyYW1zID0geyJtZWRpYSI6MTE2NjgsInNpdGUiOjg0ODMzLCJzcG90IjoyMDIzMDMsInR5cGUiOjEsIm9yaWVudGVkIjoyLCJhZF9udW0iOjEsInNwYWNlIjoxLCJhbGlnbiI6MywidGRpc3BsYXkiOjIsInRjb2xvciI6IiUyMzAwMDAwMCIsIndpZHRoIjo1NywiaGVpZ2h0Ijo1N307DQo8L3NjcmlwdD4NCjxzY3JpcHQgdHlwZT0idGV4dC9qYXZhc2NyaXB0IiBzcmM9Imh0dHA6Ly9qczEubmVuZC5uZXQvanMvbmVuZEFkTG9hZGVyLmpzIj48L3NjcmlwdD4NCg=='),(13,9,'imobile',70,'','2014-09-02 13:46:44','2014-09-29 15:39:00','PCEtLSBpLW1vYmlsZSBmb3IgU21hcnRQaG9uZSBjbGllbnQgc2NyaXB0IC0tPg0KPHNjcmlwdCB0eXBlPSJ0ZXh0L2phdmFzY3JpcHQiPg0KICAgIGltb2JpbGVfdGFnX3ZlciA9ICIwLjIxIjsgDQogICAgaW1vYmlsZV9waWQgPSAiNjM4MyI7IA0KICAgIGltb2JpbGVfYXNpZCA9ICIyNTUyNTQiOyANCiAgICBpbW9iaWxlX3R5cGUgPSAiaWNvbl9pbmxpbmUiOw0KCWltb2JpbGVfc3R5bGUgPSB7DQoJCWFsaWduOiAiY2VudGVyIiwNCgl9Ow0KCWltb2JpbGVfaWNvbiA9IHsNCgkJbnVtOiAiMSIsDQoJCXNob3dfdGl0bGU6ICJ0cnVlIiwNCgl9Ow0KPC9zY3JpcHQ+DQo8c2NyaXB0IHR5cGU9InRleHQvamF2YXNjcmlwdCIgc3JjPSJodHRwczovL3NwYWQuaS1tb2JpbGUuY28uanAvc2NyaXB0L2Fkc3NwLmpzPzIwMTEwMjE1Ij48L3NjcmlwdD4NCg=='),(17,10,'nend',50,'','2014-09-17 16:06:53','2014-10-28 15:30:38','PHNjcmlwdCB0eXBlPSJ0ZXh0L2phdmFzY3JpcHQiPg0KdmFyIG5lbmRfcGFyYW1zID0geyJtZWRpYSI6MTE2NjgsInNpdGUiOjk1MzQ2LCJzcG90IjoyMzMwMzQsInR5cGUiOjEsIm9yaWVudGVkIjoyfTsNCjwvc2NyaXB0Pg0KPHNjcmlwdCB0eXBlPSJ0ZXh0L2phdmFzY3JpcHQiIHNyYz0iaHR0cDovL2pzMS5uZW5kLm5ldC9qcy9uZW5kQWRMb2FkZXIuanMiPjwvc2NyaXB0Pg=='),(18,13,'nend',50,'','2014-09-17 16:14:47','2014-10-01 16:32:06','PHNjcmlwdCB0eXBlPSJ0ZXh0L2phdmFzY3JpcHQiPg0KdmFyIG5lbmRfcGFyYW1zID0geyJtZWRpYSI6MTE2NjgsInNpdGUiOjk2Mjk3LCJzcG90IjoyMzU0MjUsInR5cGUiOjEsIm9yaWVudGVkIjoyfTsNCjwvc2NyaXB0Pg0KPHNjcmlwdCB0eXBlPSJ0ZXh0L2phdmFzY3JpcHQiIHNyYz0iaHR0cDovL2pzMS5uZW5kLm5ldC9qcy9uZW5kQWRMb2FkZXIuanMiPjwvc2NyaXB0Pg=='),(21,16,'nend',100,'','2014-09-17 16:27:26',NULL,'PHNjcmlwdCB0eXBlPSJ0ZXh0L2phdmFzY3JpcHQiPg0KdmFyIG5lbmRfcGFyYW1zID0geyJtZWRpYSI6MTE2NjgsInNpdGUiOjk2Mjk4LCJzcG90IjoyMzU0MzEsInR5cGUiOjEsIm9yaWVudGVkIjoyfTsNCjwvc2NyaXB0Pg0KPHNjcmlwdCB0eXBlPSJ0ZXh0L2phdmFzY3JpcHQiIHNyYz0iaHR0cDovL2pzMS5uZW5kLm5ldC9qcy9uZW5kQWRMb2FkZXIuanMiPjwvc2NyaXB0Pg=='),(22,17,'nend',100,'','2014-09-17 16:27:42',NULL,'PHNjcmlwdCB0eXBlPSJ0ZXh0L2phdmFzY3JpcHQiPg0KdmFyIG5lbmRfcGFyYW1zID0geyJtZWRpYSI6MTE2NjgsInNpdGUiOjk2Mjk4LCJzcG90IjoyMzU0MzIsInR5cGUiOjEsIm9yaWVudGVkIjoyfTsNCjwvc2NyaXB0Pg0KPHNjcmlwdCB0eXBlPSJ0ZXh0L2phdmFzY3JpcHQiIHNyYz0iaHR0cDovL2pzMS5uZW5kLm5ldC9qcy9uZW5kQWRMb2FkZXIuanMiPjwvc2NyaXB0Pg=='),(28,13,'imobile',50,'','2014-09-29 10:15:13',NULL,'PCEtLSBpLW1vYmlsZSBmb3IgU21hcnRQaG9uZSBjbGllbnQgc2NyaXB0IC0tPg0KPHNjcmlwdCB0eXBlPSJ0ZXh0L2phdmFzY3JpcHQiPg0KICAgIGltb2JpbGVfdGFnX3ZlciA9ICIwLjIiOyANCiAgICBpbW9iaWxlX3BpZCA9ICI2MzgzIjsgDQogICAgaW1vYmlsZV9hc2lkID0gIjI5NTU1OCI7IA0KICAgIGltb2JpbGVfdHlwZSA9ICJpbmxpbmUiOw0KPC9zY3JpcHQ+DQo8c2NyaXB0IHR5cGU9InRleHQvamF2YXNjcmlwdCIgc3JjPSJodHRwczovL3NwYWQuaS1tb2JpbGUuY28uanAvc2NyaXB0L2Fkc3NwLmpzPzIwMTEwMjE1Ij48L3NjcmlwdD4NCg=='),(29,10,'imobile',50,'','2014-09-29 10:19:45',NULL,'PCEtLSBpLW1vYmlsZSBmb3IgU21hcnRQaG9uZSBjbGllbnQgc2NyaXB0IC0tPg0KPHNjcmlwdCB0eXBlPSJ0ZXh0L2phdmFzY3JpcHQiPg0KICAgIGltb2JpbGVfdGFnX3ZlciA9ICIwLjIiOyANCiAgICBpbW9iaWxlX3BpZCA9ICI2MzgzIjsgDQogICAgaW1vYmlsZV9hc2lkID0gIjI4NjgwNyI7IA0KICAgIGltb2JpbGVfdHlwZSA9ICJpbmxpbmUiOw0KPC9zY3JpcHQ+DQo8c2NyaXB0IHR5cGU9InRleHQvamF2YXNjcmlwdCIgc3JjPSJodHRwczovL3NwYWQuaS1tb2JpbGUuY28uanAvc2NyaXB0L2Fkc3NwLmpzPzIwMTEwMjE1Ij48L3NjcmlwdD4NCg=='),(32,14,'nend',50,'','2014-10-14 09:28:51','2014-10-14 09:29:44','PHNjcmlwdCB0eXBlPSJ0ZXh0L2phdmFzY3JpcHQiPg0KdmFyIG5lbmRfcGFyYW1zID0geyJtZWRpYSI6MTE2NjgsInNpdGUiOjk2Mjk3LCJzcG90IjoyMzU0MjYsInR5cGUiOjEsIm9yaWVudGVkIjoyfTsNCjwvc2NyaXB0Pg0KPHNjcmlwdCB0eXBlPSJ0ZXh0L2phdmFzY3JpcHQiIHNyYz0iaHR0cDovL2pzMS5uZW5kLm5ldC9qcy9uZW5kQWRMb2FkZXIuanMiPjwvc2NyaXB0Pg=='),(33,14,'imobile',50,'','2014-10-14 09:29:35',NULL,'PCEtLSBpLW1vYmlsZSBmb3IgU21hcnRQaG9uZSBjbGllbnQgc2NyaXB0IC0tPg0KPHNjcmlwdCB0eXBlPSJ0ZXh0L2phdmFzY3JpcHQiPg0KICAgIGltb2JpbGVfdGFnX3ZlciA9ICIwLjIiOyANCiAgICBpbW9iaWxlX3BpZCA9ICI2MzgzIjsgDQogICAgaW1vYmlsZV9hc2lkID0gIjI5MzU2NiI7IA0KICAgIGltb2JpbGVfdHlwZSA9ICJpbmxpbmUiOw0KPC9zY3JpcHQ+DQo8c2NyaXB0IHR5cGU9InRleHQvamF2YXNjcmlwdCIgc3JjPSJodHRwczovL3NwYWQuaS1tb2JpbGUuY28uanAvc2NyaXB0L2Fkc3NwLmpzPzIwMTEwMjE1Ij48L3NjcmlwdD4NCg=='),(34,19,'imobile',100,'','2014-10-14 09:51:57','2014-10-14 12:15:00','PCEtLSBpLW1vYmlsZSBmb3IgU21hcnRQaG9uZSBjbGllbnQgc2NyaXB0IC0tPg0KPHNjcmlwdCB0eXBlPSJ0ZXh0L2phdmFzY3JpcHQiPg0KICAgIGltb2JpbGVfdGFnX3ZlciA9ICIwLjIxIjsgDQogICAgaW1vYmlsZV9waWQgPSAiNjM4MyI7IA0KICAgIGltb2JpbGVfYXNpZCA9ICIyOTMxMzMiOyANCiAgICBpbW9iaWxlX3R5cGUgPSAiaWNvbl9pbmxpbmUiOw0KCWltb2JpbGVfc3R5bGUgPSB7DQoJCWFsaWduOiAiY2VudGVyIiwNCgl9Ow0KCWltb2JpbGVfaWNvbiA9IHsNCgkJbnVtOiAiMSIsDQoJCXNob3dfdGl0bGU6ICJ0cnVlIiwNCgl9Ow0KPC9zY3JpcHQ+DQo8c2NyaXB0IHR5cGU9InRleHQvamF2YXNjcmlwdCIgc3JjPSJodHRwczovL3NwYWQuaS1tb2JpbGUuY28uanAvc2NyaXB0L2Fkc3NwLmpzPzIwMTEwMjE1Ij48L3NjcmlwdD4NCg=='),(35,15,'nend',100,'','2014-10-14 09:52:19','2014-10-14 12:15:07','PHNjcmlwdCB0eXBlPSJ0ZXh0L2phdmFzY3JpcHQiPg0KdmFyIG5lbmRfcGFyYW1zID0geyJtZWRpYSI6MTE2NjgsInNpdGUiOjk2Mjk3LCJzcG90IjoyMzU0MjcsInR5cGUiOjEsIm9yaWVudGVkIjoyLCJhZF9udW0iOjQsInNwYWNlIjoxLCJhbGlnbiI6MSwidGRpc3BsYXkiOjIsInRjb2xvciI6IiUyMzAwMDAwMCIsIndpZHRoIjo1NywiaGVpZ2h0Ijo1N307DQo8L3NjcmlwdD4NCjxzY3JpcHQgdHlwZT0idGV4dC9qYXZhc2NyaXB0IiBzcmM9Imh0dHA6Ly9qczEubmVuZC5uZXQvanMvbmVuZEFkTG9hZGVyLmpzIj48L3NjcmlwdD4NCg=='),(36,20,'320×50',100,'','2014-10-16 10:10:52','2014-10-24 10:54:48','PHNjcmlwdCB0eXBlPSJ0ZXh0L2phdmFzY3JpcHQiPg0KdmFyIG5lbmRfcGFyYW1zID0geyJtZWRpYSI6MTE2NjgsInNpdGUiOjg3NDMyLCJzcG90IjoyMDkyNjcsInR5cGUiOjEsIm9yaWVudGVkIjoyfTsNCjwvc2NyaXB0Pg0KPHNjcmlwdCB0eXBlPSJ0ZXh0L2phdmFzY3JpcHQiIHNyYz0iaHR0cDovL2pzMS5uZW5kLm5ldC9qcy9uZW5kQWRMb2FkZXIuanMiPjwvc2NyaXB0Pg=='),(37,21,'nend',100,'','2014-10-21 19:21:00','2014-10-29 13:30:54','PHNjcmlwdCB0eXBlPSJ0ZXh0L2phdmFzY3JpcHQiPg0KdmFyIG5lbmRfcGFyYW1zID0geyJtZWRpYSI6MTE2NjgsInNpdGUiOjEwMTQ4Mywic3BvdCI6MjUzMDMwLCJ0eXBlIjoxLCJvcmllbnRlZCI6Mn07DQo8L3NjcmlwdD4NCjxzY3JpcHQgdHlwZT0idGV4dC9qYXZhc2NyaXB0IiBzcmM9Imh0dHA6Ly9qczEubmVuZC5uZXQvanMvbmVuZEFkTG9hZGVyLmpzIj48L3NjcmlwdD4='),(39,28,'imobile',50,'','2014-10-21 19:24:18','2014-10-24 11:33:36','PCEtLSBpLW1vYmlsZSBmb3IgU21hcnRQaG9uZSBjbGllbnQgc2NyaXB0IC0tPg0KPHNjcmlwdCB0eXBlPSJ0ZXh0L2phdmFzY3JpcHQiPg0KICAgIGltb2JpbGVfdGFnX3ZlciA9ICIwLjIiOyANCiAgICBpbW9iaWxlX3BpZCA9ICI2MzgzIjsgDQogICAgaW1vYmlsZV9hc2lkID0gIjMwODIxNiI7IA0KICAgIGltb2JpbGVfdHlwZSA9ICJpbmxpbmUiOw0KPC9zY3JpcHQ+DQo8c2NyaXB0IHR5cGU9InRleHQvamF2YXNjcmlwdCIgc3JjPSJodHRwOi8vc3BhZC5pLW1vYmlsZS5jby5qcC9zY3JpcHQvYWRzc3AuanM/MjAxMTAyMTUiPjwvc2NyaXB0Pg0K'),(40,29,'nend',50,'','2014-10-21 19:24:38','2014-10-24 11:32:47','PHNjcmlwdCB0eXBlPSJ0ZXh0L2phdmFzY3JpcHQiPg0KdmFyIG5lbmRfcGFyYW1zID0geyJtZWRpYSI6MTE2NjgsInNpdGUiOjEwMjEzNSwic3BvdCI6MjU1NjA5LCJ0eXBlIjoxLCJvcmllbnRlZCI6MywiYWRfbnVtIjoxLCJzcGFjZSI6MSwiYWxpZ24iOjEsInRkaXNwbGF5IjoyLCJ0Y29sb3IiOiIlMjMwMDAwMDAiLCJ3aWR0aCI6NTAsImhlaWdodCI6NTB9Ow0KPC9zY3JpcHQ+DQo8c2NyaXB0IHR5cGU9InRleHQvamF2YXNjcmlwdCIgc3JjPSJodHRwOi8vanMxLm5lbmQubmV0L2pzL25lbmRBZExvYWRlci5qcyI+PC9zY3JpcHQ+DQo='),(41,24,'imobile',50,'','2014-10-22 14:48:08','2014-10-22 18:44:14','PCEtLSBpLW1vYmlsZSBmb3IgU21hcnRQaG9uZSBjbGllbnQgc2NyaXB0IC0tPg0KPHNjcmlwdCB0eXBlPSJ0ZXh0L2phdmFzY3JpcHQiPg0KICAgIGltb2JpbGVfdGFnX3ZlciA9ICIwLjIiOyANCiAgICBpbW9iaWxlX3BpZCA9ICI2MzgzIjsgDQogICAgaW1vYmlsZV9hc2lkID0gIjMwODE5NSI7IA0KICAgIGltb2JpbGVfdHlwZSA9ICJpbmxpbmUiOw0KPC9zY3JpcHQ+DQo8c2NyaXB0IHR5cGU9InRleHQvamF2YXNjcmlwdCIgc3JjPSJodHRwczovL3NwYWQuaS1tb2JpbGUuY28uanAvc2NyaXB0L2Fkc3NwLmpzPzIwMTEwMjE1Ij48L3NjcmlwdD4NCg=='),(42,25,'imobile',50,'','2014-10-22 14:48:33','2014-10-22 18:45:09','PCEtLSBpLW1vYmlsZSBmb3IgU21hcnRQaG9uZSBjbGllbnQgc2NyaXB0IC0tPg0KPHNjcmlwdCB0eXBlPSJ0ZXh0L2phdmFzY3JpcHQiPg0KICAgIGltb2JpbGVfdGFnX3ZlciA9ICIwLjIiOyANCiAgICBpbW9iaWxlX3BpZCA9ICI2MzgzIjsgDQogICAgaW1vYmlsZV9hc2lkID0gIjMwODE5NiI7IA0KICAgIGltb2JpbGVfdHlwZSA9ICJpbmxpbmUiOw0KPC9zY3JpcHQ+DQo8c2NyaXB0IHR5cGU9InRleHQvamF2YXNjcmlwdCIgc3JjPSJodHRwczovL3NwYWQuaS1tb2JpbGUuY28uanAvc2NyaXB0L2Fkc3NwLmpzPzIwMTEwMjE1Ij48L3NjcmlwdD4NCg=='),(43,25,'nend',50,'','2014-10-22 18:44:55',NULL,'PHNjcmlwdCB0eXBlPSJ0ZXh0L2phdmFzY3JpcHQiPg0KdmFyIG5lbmRfcGFyYW1zID0geyJtZWRpYSI6MTE2NjgsInNpdGUiOjEwMTYxNywic3BvdCI6MjUzNDc0LCJ0eXBlIjoxLCJvcmllbnRlZCI6Mn07DQo8L3NjcmlwdD4NCjxzY3JpcHQgdHlwZT0idGV4dC9qYXZhc2NyaXB0IiBzcmM9Imh0dHA6Ly9qczEubmVuZC5uZXQvanMvbmVuZEFkTG9hZGVyLmpzIj48L3NjcmlwdD4='),(44,24,'nend',50,'','2014-10-22 18:45:58',NULL,'PHNjcmlwdCB0eXBlPSJ0ZXh0L2phdmFzY3JpcHQiPg0KdmFyIG5lbmRfcGFyYW1zID0geyJtZWRpYSI6MTE2NjgsInNpdGUiOjEwMTYxNywic3BvdCI6MjUzNDcyLCJ0eXBlIjoxLCJvcmllbnRlZCI6Mn07DQo8L3NjcmlwdD4NCjxzY3JpcHQgdHlwZT0idGV4dC9qYXZhc2NyaXB0IiBzcmM9Imh0dHA6Ly9qczEubmVuZC5uZXQvanMvbmVuZEFkTG9hZGVyLmpzIj48L3NjcmlwdD4='),(45,1,'3333333',40,'','2014-10-23 17:19:43','2014-10-24 10:36:35','PHNjcmlwdCB0eXBlPSJ0ZXh0L2phdmFzY3JpcHQiPiB2YXIgYWRzdGlyX3ZhcnMgPSB7ICAgdmVyICAgIDogIjQuMCIsICAgYXBwX2lkIDogIk1FRElBLWZjM2Q2NjIxIiwgICBhZF9zcG90OiAxLCAgIGZsb2F0aW5nIDogdHJ1ZSwgICBjZW50ZXIgOiBmYWxzZSB9OyA8L3NjcmlwdD4gPHNjcmlwdCB0eXBlPSJ0ZXh0L2phdmFzY3JpcHQiIHNyYz0iaHR0cDovL2pzLmFkLXN0aXIuY29tL2pzL2Fkc3Rpci5qcz8yMDEzMDUyNyI+PC9zY3JpcHQ+'),(46,1,'2222',40,'','2014-10-24 10:33:37','2014-10-24 10:38:11','PHNjcmlwdCB0eXBlPSJ0ZXh0L2phdmFzY3JpcHQiPiB2YXIgYWRzdGlyX3ZhcnMgPSB7ICAgdmVyICAgIDogIjQuMCIsICAgYXBwX2lkIDogIk1FRElBLWZjM2Q2NjIxIiwgICBhZF9zcG90OiAxLCAgIGZsb2F0aW5nIDogdHJ1ZSwgICBjZW50ZXIgOiBmYWxzZSB9OyA8L3NjcmlwdD4gPHNjcmlwdCB0eXBlPSJ0ZXh0L2phdmFzY3JpcHQiIHNyYz0iaHR0cDovL2pzLmFkLXN0aXIuY29tL2pzL2Fkc3Rpci5qcz8yMDEzMDUyNyI+PC9zY3JpcHQ+'),(47,30,'320×50',100,'','2014-10-24 10:48:38','2014-10-24 10:54:02','PHNjcmlwdCB0eXBlPSJ0ZXh0L2phdmFzY3JpcHQiPg0KdmFyIG5lbmRfcGFyYW1zID0geyJtZWRpYSI6MTE2NjgsInNpdGUiOjg3NDMyLCJzcG90IjoyMDkyNjcsInR5cGUiOjEsIm9yaWVudGVkIjoyfTsNCjwvc2NyaXB0Pg0KPHNjcmlwdCB0eXBlPSJ0ZXh0L2phdmFzY3JpcHQiIHNyYz0iaHR0cDovL2pzMS5uZW5kLm5ldC9qcy9uZW5kQWRMb2FkZXIuanMiPjwvc2NyaXB0Pg=='),(49,32,'nend',100,'','2014-10-24 11:32:41',NULL,'PHNjcmlwdCB0eXBlPSJ0ZXh0L2phdmFzY3JpcHQiPg0KdmFyIG5lbmRfcGFyYW1zID0geyJtZWRpYSI6MTE2NjgsInNpdGUiOjEwMjEzNSwic3BvdCI6MjU1NjEwLCJ0eXBlIjoxLCJvcmllbnRlZCI6MywiYWRfbnVtIjoxLCJzcGFjZSI6MSwiYWxpZ24iOjEsInRkaXNwbGF5IjoyLCJ0Y29sb3IiOiIlMjMwMDAwMDAiLCJ3aWR0aCI6NTAsImhlaWdodCI6NTB9Ow0KPC9zY3JpcHQ+DQo8c2NyaXB0IHR5cGU9InRleHQvamF2YXNjcmlwdCIgc3JjPSJodHRwOi8vanMxLm5lbmQubmV0L2pzL25lbmRBZExvYWRlci5qcyI+PC9zY3JpcHQ+DQo='),(50,28,'nend',50,'','2014-10-24 11:33:26',NULL,'PHNjcmlwdCB0eXBlPSJ0ZXh0L2phdmFzY3JpcHQiPg0KdmFyIG5lbmRfcGFyYW1zID0geyJtZWRpYSI6MTE2NjgsInNpdGUiOjEwMjEzNSwic3BvdCI6MjU1NjA4LCJ0eXBlIjoxLCJvcmllbnRlZCI6M307DQo8L3NjcmlwdD4NCjxzY3JpcHQgdHlwZT0idGV4dC9qYXZhc2NyaXB0IiBzcmM9Imh0dHA6Ly9qczEubmVuZC5uZXQvanMvbmVuZEFkTG9hZGVyLmpzIj48L3NjcmlwdD4='),(51,29,'imobile',50,'','2014-10-24 11:32:38','2014-10-24 11:35:19','PCEtLSBpLW1vYmlsZSBmb3IgU21hcnRQaG9uZSBjbGllbnQgc2NyaXB0IC0tPg0KPHNjcmlwdCB0eXBlPSJ0ZXh0L2phdmFzY3JpcHQiPg0KICAgIGltb2JpbGVfdGFnX3ZlciA9ICIwLjIxIjsgDQogICAgaW1vYmlsZV9waWQgPSAiNjM4MyI7IA0KICAgIGltb2JpbGVfYXNpZCA9ICIzMDgyMTkiOyANCiAgICBpbW9iaWxlX3R5cGUgPSAiaWNvbl9pbmxpbmUiOw0KCWltb2JpbGVfc3R5bGUgPSB7DQoJCWFsaWduOiAiY2VudGVyIiwNCgl9Ow0KCWltb2JpbGVfaWNvbiA9IHsNCgkJbnVtOiAiMSIsDQoJCXNob3dfdGl0bGU6ICJ0cnVlIiwNCgl9Ow0KPC9zY3JpcHQ+DQo8c2NyaXB0IHR5cGU9InRleHQvamF2YXNjcmlwdCIgc3JjPSJodHRwOi8vc3BhZC5pLW1vYmlsZS5jby5qcC9zY3JpcHQvYWRzc3AuanM/MjAxMTAyMTUiPjwvc2NyaXB0Pg0K'),(52,32,'imobile',50,'','2014-10-24 11:34:43',NULL,'PCEtLSBpLW1vYmlsZSBmb3IgU21hcnRQaG9uZSBjbGllbnQgc2NyaXB0IC0tPg0KPHNjcmlwdCB0eXBlPSJ0ZXh0L2phdmFzY3JpcHQiPg0KICAgIGltb2JpbGVfdGFnX3ZlciA9ICIwLjIxIjsgDQogICAgaW1vYmlsZV9waWQgPSAiNjM4MyI7IA0KICAgIGltb2JpbGVfYXNpZCA9ICIzMDk3MDEiOyANCiAgICBpbW9iaWxlX3R5cGUgPSAiaWNvbl9pbmxpbmUiOw0KCWltb2JpbGVfc3R5bGUgPSB7DQoJCWFsaWduOiAiY2VudGVyIiwNCgl9Ow0KCWltb2JpbGVfaWNvbiA9IHsNCgkJbnVtOiAiMSIsDQoJCXNob3dfdGl0bGU6ICJ0cnVlIiwNCgl9Ow0KPC9zY3JpcHQ+DQo8c2NyaXB0IHR5cGU9InRleHQvamF2YXNjcmlwdCIgc3JjPSJodHRwOi8vc3BhZC5pLW1vYmlsZS5jby5qcC9zY3JpcHQvYWRzc3AuanM/MjAxMTAyMTUiPjwvc2NyaXB0Pg0K'),(53,26,'nend',50,'','2014-10-24 11:34:28','2014-10-24 11:35:12','PHNjcmlwdCB0eXBlPSJ0ZXh0L2phdmFzY3JpcHQiPg0KdmFyIG5lbmRfcGFyYW1zID0geyJtZWRpYSI6MTE2NjgsInNpdGUiOjEwMTYxOCwic3BvdCI6MjUzNDczLCJ0eXBlIjoxLCJvcmllbnRlZCI6M307DQo8L3NjcmlwdD4NCjxzY3JpcHQgdHlwZT0idGV4dC9qYXZhc2NyaXB0IiBzcmM9Imh0dHA6Ly9qczEubmVuZC5uZXQvanMvbmVuZEFkTG9hZGVyLmpzIj48L3NjcmlwdD4='),(54,26,'imobile',50,'','2014-10-24 11:35:05',NULL,'PCEtLSBpLW1vYmlsZSBmb3IgU21hcnRQaG9uZSBjbGllbnQgc2NyaXB0IC0tPg0KPHNjcmlwdCB0eXBlPSJ0ZXh0L2phdmFzY3JpcHQiPg0KICAgIGltb2JpbGVfdGFnX3ZlciA9ICIwLjIiOyANCiAgICBpbW9iaWxlX3BpZCA9ICI2MzgzIjsgDQogICAgaW1vYmlsZV9hc2lkID0gIjMwODE5NyI7IA0KICAgIGltb2JpbGVfdHlwZSA9ICJpbmxpbmUiOw0KPC9zY3JpcHQ+DQo8c2NyaXB0IHR5cGU9InRleHQvamF2YXNjcmlwdCIgc3JjPSJodHRwOi8vc3BhZC5pLW1vYmlsZS5jby5qcC9zY3JpcHQvYWRzc3AuanM/MjAxMTAyMTUiPjwvc2NyaXB0Pg0K'),(55,27,'nend',50,'','2014-10-24 11:37:02',NULL,'PHNjcmlwdCB0eXBlPSJ0ZXh0L2phdmFzY3JpcHQiPg0KdmFyIG5lbmRfcGFyYW1zID0geyJtZWRpYSI6MTE2NjgsInNpdGUiOjEwMTYxOCwic3BvdCI6MjUzNDc2LCJ0eXBlIjoxLCJvcmllbnRlZCI6M307DQo8L3NjcmlwdD4NCjxzY3JpcHQgdHlwZT0idGV4dC9qYXZhc2NyaXB0IiBzcmM9Imh0dHA6Ly9qczEubmVuZC5uZXQvanMvbmVuZEFkTG9hZGVyLmpzIj48L3NjcmlwdD4='),(56,27,'imobile',50,'','2014-10-24 11:37:31',NULL,'PCEtLSBpLW1vYmlsZSBmb3IgU21hcnRQaG9uZSBjbGllbnQgc2NyaXB0IC0tPg0KPHNjcmlwdCB0eXBlPSJ0ZXh0L2phdmFzY3JpcHQiPg0KICAgIGltb2JpbGVfdGFnX3ZlciA9ICIwLjIiOyANCiAgICBpbW9iaWxlX3BpZCA9ICI2MzgzIjsgDQogICAgaW1vYmlsZV9hc2lkID0gIjMwODE5OCI7IA0KICAgIGltb2JpbGVfdHlwZSA9ICJpbmxpbmUiOw0KPC9zY3JpcHQ+DQo8c2NyaXB0IHR5cGU9InRleHQvamF2YXNjcmlwdCIgc3JjPSJodHRwOi8vc3BhZC5pLW1vYmlsZS5jby5qcC9zY3JpcHQvYWRzc3AuanM/MjAxMTAyMTUiPjwvc2NyaXB0Pg0K'),(57,21,'imobile',0,'','2014-10-24 11:38:28','2014-10-29 13:32:37','PCEtLSBpLW1vYmlsZSBmb3IgU21hcnRQaG9uZSBjbGllbnQgc2NyaXB0IC0tPg0KPHNjcmlwdCB0eXBlPSJ0ZXh0L2phdmFzY3JpcHQiPg0KICAgIGltb2JpbGVfdGFnX3ZlciA9ICIwLjIiOyANCiAgICBpbW9iaWxlX3BpZCA9ICI2MzgzIjsgDQogICAgaW1vYmlsZV9hc2lkID0gIjMwNzg1OSI7IA0KICAgIGltb2JpbGVfdHlwZSA9ICJpbmxpbmUiOw0KPC9zY3JpcHQ+DQo8c2NyaXB0IHR5cGU9InRleHQvamF2YXNjcmlwdCIgc3JjPSJodHRwczovL3NwYWQuaS1tb2JpbGUuY28uanAvc2NyaXB0L2Fkc3NwLmpzPzIwMTEwMjE1Ij48L3NjcmlwdD4NCg=='),(58,22,'imobile',100,'','2014-10-24 11:37:54','2014-10-29 13:30:07','PCEtLSBpLW1vYmlsZSBmb3IgU21hcnRQaG9uZSBjbGllbnQgc2NyaXB0IC0tPg0KPHNjcmlwdCB0eXBlPSJ0ZXh0L2phdmFzY3JpcHQiPg0KICAgIGltb2JpbGVfdGFnX3ZlciA9ICIwLjIxIjsgDQogICAgaW1vYmlsZV9waWQgPSAiNjM4MyI7IA0KICAgIGltb2JpbGVfYXNpZCA9ICIzMDc4NjIiOyANCiAgICBpbW9iaWxlX3R5cGUgPSAiaWNvbl9pbmxpbmUiOw0KCWltb2JpbGVfc3R5bGUgPSB7DQoJCWFsaWduOiAiY2VudGVyIiwNCgl9Ow0KCWltb2JpbGVfaWNvbiA9IHsNCgkJbnVtOiAiMSIsDQoJCXNob3dfdGl0bGU6ICJ0cnVlIiwNCgl9Ow0KPC9zY3JpcHQ+DQo8c2NyaXB0IHR5cGU9InRleHQvamF2YXNjcmlwdCIgc3JjPSJodHRwczovL3NwYWQuaS1tb2JpbGUuY28uanAvc2NyaXB0L2Fkc3NwLmpzPzIwMTEwMjE1Ij48L3NjcmlwdD4NCg=='),(59,31,'imobile',100,'','2014-10-24 11:38:29','2014-10-29 13:31:45','PCEtLSBpLW1vYmlsZSBmb3IgU21hcnRQaG9uZSBjbGllbnQgc2NyaXB0IC0tPg0KPHNjcmlwdCB0eXBlPSJ0ZXh0L2phdmFzY3JpcHQiPg0KICAgIGltb2JpbGVfdGFnX3ZlciA9ICIwLjIxIjsgDQogICAgaW1vYmlsZV9waWQgPSAiNjM4MyI7IA0KICAgIGltb2JpbGVfYXNpZCA9ICIzMDk3MDciOyANCiAgICBpbW9iaWxlX3R5cGUgPSAiaWNvbl9pbmxpbmUiOw0KCWltb2JpbGVfc3R5bGUgPSB7DQoJCWFsaWduOiAiY2VudGVyIiwNCgl9Ow0KCWltb2JpbGVfaWNvbiA9IHsNCgkJbnVtOiAiMSIsDQoJCXNob3dfdGl0bGU6ICJ0cnVlIiwNCgl9Ow0KPC9zY3JpcHQ+DQo8c2NyaXB0IHR5cGU9InRleHQvamF2YXNjcmlwdCIgc3JjPSJodHRwczovL3NwYWQuaS1tb2JpbGUuY28uanAvc2NyaXB0L2Fkc3NwLmpzPzIwMTEwMjE1Ij48L3NjcmlwdD4NCg=='),(60,12,'nend',100,'','2014-10-28 15:33:34',NULL,'PHNjcmlwdCB0eXBlPSJ0ZXh0L2phdmFzY3JpcHQiPg0KdmFyIG5lbmRfcGFyYW1zID0geyJtZWRpYSI6MTE2NjgsInNpdGUiOjk1MzQ2LCJzcG90IjoyMzU0MjMsInR5cGUiOjEsIm9yaWVudGVkIjoyLCJhZF9udW0iOjQsInNwYWNlIjoxLCJhbGlnbiI6MSwidGRpc3BsYXkiOjIsInRjb2xvciI6IiUyMzAwMDAwMCIsIndpZHRoIjo1NywiaGVpZ2h0Ijo1N307DQo8L3NjcmlwdD4NCjxzY3JpcHQgdHlwZT0idGV4dC9qYXZhc2NyaXB0IiBzcmM9Imh0dHA6Ly9qczEubmVuZC5uZXQvanMvbmVuZEFkTG9hZGVyLmpzIj48L3NjcmlwdD4='),(61,11,'nend',100,'','2014-10-28 15:32:38','2014-10-28 16:05:24','PHNjcmlwdCB0eXBlPSJ0ZXh0L2phdmFzY3JpcHQiPg0KdmFyIG5lbmRfcGFyYW1zID0geyJtZWRpYSI6MTE2NjgsInNpdGUiOjk1MzQ2LCJzcG90IjoyMzMwMzUsInR5cGUiOjEsIm9yaWVudGVkIjoyfTsNCjwvc2NyaXB0Pg0KPHNjcmlwdCB0eXBlPSJ0ZXh0L2phdmFzY3JpcHQiIHNyYz0iaHR0cDovL2pzMS5uZW5kLm5ldC9qcy9uZW5kQWRMb2FkZXIuanMiPjwvc2NyaXB0Pg=='),(63,16,'imobile',0,'','2014-10-28 15:47:17',NULL,'PCEtLSBpLW1vYmlsZSBmb3IgU21hcnRQaG9uZSBjbGllbnQgc2NyaXB0IC0tPg0KPHNjcmlwdCB0eXBlPSJ0ZXh0L2phdmFzY3JpcHQiPg0KICAgIGltb2JpbGVfdGFnX3ZlciA9ICIwLjIiOyANCiAgICBpbW9iaWxlX3BpZCA9ICI2MzgzIjsgDQogICAgaW1vYmlsZV9hc2lkID0gIjMxMTkzMiI7IA0KICAgIGltb2JpbGVfdHlwZSA9ICJpbmxpbmUiOw0KPC9zY3JpcHQ+DQo8c2NyaXB0IHR5cGU9InRleHQvamF2YXNjcmlwdCIgc3JjPSJodHRwczovL3NwYWQuaS1tb2JpbGUuY28uanAvc2NyaXB0L2Fkc3NwLmpzPzIwMTEwMjE1Ij48L3NjcmlwdD4NCg=='),(64,17,'nend',0,'','2014-10-28 15:46:48',NULL,'PCEtLSBpLW1vYmlsZSBmb3IgU21hcnRQaG9uZSBjbGllbnQgc2NyaXB0IC0tPg0KPHNjcmlwdCB0eXBlPSJ0ZXh0L2phdmFzY3JpcHQiPg0KICAgIGltb2JpbGVfdGFnX3ZlciA9ICIwLjIiOyANCiAgICBpbW9iaWxlX3BpZCA9ICI2MzgzIjsgDQogICAgaW1vYmlsZV9hc2lkID0gIjMxMTkzNCI7IA0KICAgIGltb2JpbGVfdHlwZSA9ICJpbmxpbmUiOw0KPC9zY3JpcHQ+DQo8c2NyaXB0IHR5cGU9InRleHQvamF2YXNjcmlwdCIgc3JjPSJodHRwczovL3NwYWQuaS1tb2JpbGUuY28uanAvc2NyaXB0L2Fkc3NwLmpzPzIwMTEwMjE1Ij48L3NjcmlwdD4NCg=='),(65,18,'nend',100,'','2014-10-28 15:47:30',NULL,'PHNjcmlwdCB0eXBlPSJ0ZXh0L2phdmFzY3JpcHQiPg0KdmFyIG5lbmRfcGFyYW1zID0geyJtZWRpYSI6MTE2NjgsInNpdGUiOjk2Mjk4LCJzcG90IjoyMzU0MzMsInR5cGUiOjEsIm9yaWVudGVkIjoyLCJhZF9udW0iOjQsInNwYWNlIjoxLCJhbGlnbiI6MSwidGRpc3BsYXkiOjIsInRjb2xvciI6IiUyMzAwMDAwMCIsIndpZHRoIjo1NywiaGVpZ2h0Ijo1N307DQo8L3NjcmlwdD4NCjxzY3JpcHQgdHlwZT0idGV4dC9qYXZhc2NyaXB0IiBzcmM9Imh0dHA6Ly9qczEubmVuZC5uZXQvanMvbmVuZEFkTG9hZGVyLmpzIj48L3NjcmlwdD4='),(66,18,'imobile',0,'','2014-10-28 15:49:45',NULL,'PCEtLSBpLW1vYmlsZSBmb3IgU21hcnRQaG9uZSBjbGllbnQgc2NyaXB0IC0tPg0KPHNjcmlwdCB0eXBlPSJ0ZXh0L2phdmFzY3JpcHQiPg0KICAgIGltb2JpbGVfdGFnX3ZlciA9ICIwLjIxIjsgDQogICAgaW1vYmlsZV9waWQgPSAiNjM4MyI7IA0KICAgIGltb2JpbGVfYXNpZCA9ICIzMTE5MzUiOyANCiAgICBpbW9iaWxlX3R5cGUgPSAiaWNvbl9pbmxpbmUiOw0KCWltb2JpbGVfc3R5bGUgPSB7DQoJCWFsaWduOiAiY2VudGVyIiwNCgl9Ow0KCWltb2JpbGVfaWNvbiA9IHsNCgkJbnVtOiAiNCIsDQoJCXNob3dfdGl0bGU6ICJ0cnVlIiwNCgl9Ow0KPC9zY3JpcHQ+DQo8c2NyaXB0IHR5cGU9InRleHQvamF2YXNjcmlwdCIgc3JjPSJodHRwczovL3NwYWQuaS1tb2JpbGUuY28uanAvc2NyaXB0L2Fkc3NwLmpzPzIwMTEwMjE1Ij48L3NjcmlwdD4NCg==');
/*!40000 ALTER TABLE `ad_tags` ENABLE KEYS */;
UNLOCK TABLES;

--
-- Table structure for table `medias`
--

DROP TABLE IF EXISTS `medias`;
/*!40101 SET @saved_cs_client     = @@character_set_client */;
/*!40101 SET character_set_client = utf8 */;
CREATE TABLE `medias` (
  `id` bigint(20) NOT NULL AUTO_INCREMENT,
  `media_name` text NOT NULL,
  `account_id` text NOT NULL,
  `store_url` varchar(64) NOT NULL,
  `os_type` tinyint(4) NOT NULL,
  `comment` text,
  `created_at` datetime NOT NULL,
  `updated_at` datetime DEFAULT NULL,
  PRIMARY KEY (`id`),
  UNIQUE KEY `store_url` (`store_url`)
) ENGINE=InnoDB AUTO_INCREMENT=16 DEFAULT CHARSET=utf8;
/*!40101 SET character_set_client = @saved_cs_client */;

--
-- Dumping data for table `medias`
--

LOCK TABLES `medias` WRITE;
/*!40000 ALTER TABLE `medias` DISABLE KEYS */;
INSERT INTO `medias` VALUES (1,'sample-media','1','https://app/ios',1,'','2014-08-12 12:22:08',NULL),(2,'sam__','1','https://test.cm',1,'','2014-08-13 19:03:44','2014-08-21 16:04:41'),(3,'ボクを培養してよ。~大量ワクチン製造キット~','23','https://itunes.apple.com/us/app/bokuwo-pei-yangshiteyo-da/id9100',1,'本番','2014-08-18 17:25:27',NULL),(4,'クリア無理ww激ムズ15秒ゲーム!!','23','https://itunes.apple.com/jp/app/kuria-wu-liww-jimuzu15miaogemu!!',1,'','2014-08-20 18:32:51',NULL),(5,'抜け忍だーぱん','23','https://itunes.apple.com/',1,'','2014-09-17 15:57:46',NULL),(9,'見切ったッ!［よける達人100］ ','23','https://itunes.apple.com/sss',1,'','2014-09-17 16:12:11',NULL),(10,'激ムズDX','23','https://itunes.apple.com/dx',1,'','2014-09-17 16:18:31',NULL),(11,'Berry','23','https://itunesconnect.apple.com/WebObjects/iTunesConnect.woa/ra/',1,'','2014-10-16 10:08:00',NULL),(12,'ios桃太郎','23','http:a',1,'','2014-10-20 18:57:38','2014-10-21 14:15:54'),(13,'iosフライパンうさぎ','23','http:b',1,'','2014-10-21 13:07:12','2014-10-21 14:15:44'),(14,'Androidフライパンうさぎ','23','http:c',2,'','2014-10-21 14:20:24','2014-10-21 14:19:05'),(15,'Android桃太郎','23','http:d',2,'','2014-10-21 14:45:00',NULL);
/*!40000 ALTER TABLE `medias` ENABLE KEYS */;
UNLOCK TABLES;
/*!40103 SET TIME_ZONE=@OLD_TIME_ZONE */;

/*!40101 SET SQL_MODE=@OLD_SQL_MODE */;
/*!40014 SET FOREIGN_KEY_CHECKS=@OLD_FOREIGN_KEY_CHECKS */;
/*!40014 SET UNIQUE_CHECKS=@OLD_UNIQUE_CHECKS */;
/*!40101 SET CHARACTER_SET_CLIENT=@OLD_CHARACTER_SET_CLIENT */;
/*!40101 SET CHARACTER_SET_RESULTS=@OLD_CHARACTER_SET_RESULTS */;
/*!40101 SET COLLATION_CONNECTION=@OLD_COLLATION_CONNECTION */;
/*!40111 SET SQL_NOTES=@OLD_SQL_NOTES */;

-- Dump completed on 2014-10-29 17:01:44
